{
    "en": {
        "welcome": "Welcome to the Math Possibility Finder",
        "created_by": "Created by Hasanur Rahevy",
        "exit": "Exit",
        "calculator_mode": "Calculator mode (Warning: This mode is under development and may have limited functionality or bugs). Enter 'back' to return to search mode.",
        "return_search_mode": "Returning to search mode.",
        "enter_target": "Enter the target number or type 'help' to show more options: ",
        "search_mode_help": "Available commands:",
        "calculator_mode_help": "Additional mathematical functions available in calculator mode:",
        "target_result": "Result: {user_input} = {result}",
        "invalid_input": "Invalid input. Please enter a number or 'exit' to quit.",
        "invalid_digits": "Input number cannot have more than 100 digits.",
        "invalid_zero": "Sorry, cannot calculate for 0",
        "max_digits_empty": "Maximum number of digits cannot be empty.",
        "max_digits_value": "Sorry, maximum number of digits must be greater than 1",
        "max_digits_limit": "Maximum number of digits cannot be more than 100 digits of number.",
        "max_search_time_empty": "Maximum search time cannot be empty.",
        "invalid_number": "Invalid input. Please enter a valid number.",
        "calculating_for_target": "Calculating for target number: {target}...",
        "already_known": "Already known: {expression} = {result}",
        "valid_expression": "Valid: {expression} = {result}",
        "not_valid_expression": "Not Valid: {expression} = {result}",
        "file_already_exists": "File 'valid_calculations_{target}.txt' in '{file_path}' directory already exists. Renaming it to '{new_file_name}'.",
        "file_saved": "Valid calculations have been saved to '{file_path}'",
        "system_info": "\nSystem Information:",
        "resource_usage": "\nResource Usage:",
        "interrupted_process": "Warning: Incomplete process. Calculation interrupted by user.",
        "thank_you": "Thank you for using the Math Possibility Finder!",
        "language_prompt": "Choose your language (Choisissez votre langue - Elija su idioma - Wählen Sie Ihre Sprache - Scegli la tua lingua - اختر لغتك - 选择你的语言 - Выберите свой язык):\n1. English\n2. Français\n3. Español\n4. Deutsch\n5. Italiano\n6. العربية\n7. 中文\n8. Русский",
        "language_selected": "Language selected: {language}",
        "invalid_language_choice": "Invalid language choice. Please enter the number corresponding to your desired language."
    },
    "id": {
        "welcome": "Selamat datang di Math Possibility Finder",
        "created_by": "Dibuat oleh Hasanur Rahevy",
        "exit": "Keluar",
        "calculator_mode": "Mode kalkulator (Peringatan: Mode ini masih dalam pengembangan dan mungkin memiliki fungsi terbatas atau bug). Ketik 'kembali' untuk kembali ke mode pencarian.",
        "return_search_mode": "Kembali ke mode pencarian.",
        "enter_target": "Masukkan angka target atau ketik 'bantuan' untuk melihat lebih banyak opsi: ",
        "search_mode_help": "Perintah yang tersedia:",
        "calculator_mode_help": "Fungsi matematika tambahan yang tersedia dalam mode kalkulator:",
        "target_result": "Hasil: {user_input} = {result}",
        "invalid_input": "Input tidak valid. Harap masukkan angka atau 'keluar' untuk keluar.",
        "invalid_digits": "Angka input tidak boleh lebih dari 100 digit.",
        "invalid_zero": "Maaf, tidak dapat menghitung untuk 0",
        "max_digits_empty": "Angka maksimum digit tidak boleh kosong.",
        "max_digits_value": "Maaf, angka maksimum digit harus lebih besar dari 1",
        "max_digits_limit": "Angka maksimum digit tidak boleh lebih dari 100 digit.",
        "max_search_time_empty": "Waktu pencarian maksimum tidak boleh kosong.",
        "invalid_number": "Input tidak valid. Harap masukkan angka yang valid.",
        "calculating_for_target": "Menghitung untuk angka target: {target}...",
        "already_known": "Sudah diketahui: {expression} = {result}",
        "valid_expression": "Valid: {expression} = {result}",
        "not_valid_expression": "Tidak Valid: {expression} = {result}",
        "file_already_exists": "File 'valid_calculations_{target}.txt' di direktori '{file_path}' sudah ada. Merenamai ke '{new_file_name}'.",
        "file_saved": "Perhitungan valid telah disimpan di '{file_path}'",
        "system_info": "\nInformasi Sistem:",
        "resource_usage": "\nPenggunaan Sumber Daya:",
        "interrupted_process": "Peringatan: Proses tidak lengkap. Perhitungan dihentikan oleh pengguna.",
        "thank_you": "Terima kasih telah menggunakan Math Possibility Finder!",
        "language_prompt": "Pilih bahasa:\n1. English\n2. Bahasa Indonesia\n3. Français\n4. Español\n5. Deutsch\n6. Italiano\n7. العربية\n8. 中文\n9. Русский",
        "language_selected": "Bahasa yang dipilih: {language}",
        "invalid_language_choice": "Pilihan bahasa tidak valid. Harap masukkan nomor yang sesuai dengan bahasa yang Anda inginkan."
    },
    "ru": {
        "welcome": "Добро пожаловать в Math Possibility Finder",
        "created_by": "Создано Hasanur Rahevy",
        "exit": "Выход",
        "calculator_mode": "Режим калькулятора (Предупреждение: Этот режим находится в разработке и может иметь ограниченную функциональность или ошибки). Введите 'назад', чтобы вернуться в режим поиска.",
        "return_search_mode": "Возвращение в режим поиска.",
        "enter_target": "Введите целевое число или введите 'помощь', чтобы увидеть больше вариантов: ",
        "search_mode_help": "Доступные команды:",
        "calculator_mode_help": "Дополнительные математические функции, доступные в режиме калькулятора:",
        "target_result": "Результат: {user_input} = {result}",
        "invalid_input": "Неверный ввод. Пожалуйста, введите число или 'выход', чтобы выйти.",
        "invalid_digits": "Число не может содержать более 100 цифр.",
        "invalid_zero": "Извините, невозможно вычислить для 0",
        "max_digits_empty": "Максимальное количество цифр не может быть пустым.",
        "max_digits_value": "Извините, максимальное количество цифр должно быть больше 1",
        "max_digits_limit": "Максимальное количество цифр не может превышать 100 цифр числа.",
        "max_search_time_empty": "Максимальное время поиска не может быть пустым.",
        "invalid_number": "Неверный ввод. Пожалуйста, введите правильное число.",
        "calculating_for_target": "Вычисление для целевого числа: {target}...",
        "already_known": "Уже известно: {expression} = {result}",
        "valid_expression": "Действительно: {expression} = {result}",
        "not_valid_expression": "Не действительно: {expression} = {result}",
        "file_already_exists": "Файл 'valid_calculations_{target}.txt' в каталоге '{file_path}' уже существует. Переименовывается в '{new_file_name}'.",
        "file_saved": "Действительные вычисления были сохранены в '{file_path}'",
        "system_info": "\nИнформация о системе:",
        "resource_usage": "\nИспользование ресурсов:",
        "interrupted_process": "Предупреждение: Неполный процесс. Вычисление прервано пользователем.",
        "thank_you": "Спасибо, что использовали Math Possibility Finder!",
        "language_prompt": "Выберите язык:\n1. English\n2. Français\n3. Español\n4. Deutsch\n5. Italiano\n6. العربية\n7. 中文\n8. Русский",
        "language_selected": "Выбранный язык: {language}",
        "invalid_language_choice": "Неверный выбор языка. Пожалуйста, введите номер, соответствующий вашему желаемому языку."
    },
    "de": {
        "welcome": "Willkommen beim Math Possibility Finder",
        "created_by": "Erstellt von Hasanur Rahevy",
        "exit": "Beenden",
        "calculator_mode": "Rechnermodus (Warnung: Dieser Modus befindet sich in der Entwicklung und kann über eingeschränkte Funktionen oder Fehler verfügen). Geben Sie 'zurück' ein, um in den Suchmodus zurückzukehren.",
        "return_search_mode": "Rückkehr zum Suchmodus.",
        "enter_target": "Geben Sie die Zielzahl ein oder geben Sie 'hilfe' ein, um weitere Optionen anzuzeigen: ",
        "search_mode_help": "Verfügbare Befehle:",
        "calculator_mode_help": "Zusätzliche mathematische Funktionen im Rechnermodus verfügbar:",
        "target_result": "Ergebnis: {user_input} = {result}",
        "invalid_input": "Ungültige Eingabe. Bitte geben Sie eine Zahl ein oder 'beenden', um zu beenden.",
        "invalid_digits": "Eingegebene Zahl darf nicht mehr als 100 Stellen haben.",
        "invalid_zero": "Entschuldigung, kann nicht für 0 berechnen",
        "max_digits_empty": "Die maximale Anzahl der Stellen darf nicht leer sein.",
        "max_digits_value": "Die maximale Anzahl der Stellen muss größer als 1 sein.",
        "max_digits_limit": "Die maximale Anzahl der Stellen darf nicht mehr als 100 Stellen der Zahl betragen.",
        "max_search_time_empty": "Die maximale Suchzeit darf nicht leer sein.",
        "invalid_number": "Ungültige Eingabe. Bitte geben Sie eine gültige Zahl ein.",
        "calculating_for_target": "Berechnung für Zielnummer: {target}...",
        "already_known": "Bereits bekannt: {expression} = {result}",
        "valid_expression": "Gültig: {expression} = {result}",
        "not_valid_expression": "Ungültig: {expression} = {result}",
        "file_already_exists": "Die Datei 'valid_calculations_{target}.txt' im Verzeichnis '{file_path}' existiert bereits. Sie wird in '{new_file_name}' umbenannt.",
        "file_saved": "Gültige Berechnungen wurden in '{file_path}' gespeichert",
        "system_info": "\nSysteminformationen:",
        "resource_usage": "\nRessourcenverbrauch:",
        "interrupted_process": "Warnung: Unvollständiger Prozess. Berechnung wurde vom Benutzer unterbrochen.",
        "thank_you": "Vielen Dank, dass Sie den Math Possibility Finder verwendet haben!",
        "language_prompt": "Wählen Sie Ihre Sprache (Choose language):\n1. English\n2. Français\n3. Español\n4. Deutsch\n5. Italiano\n6. العربية\n7. 中文\n8. Русский",
        "language_selected": "Ausgewählte Sprache: {language}",
        "invalid_language_choice": "Ungültige Sprachauswahl. Bitte geben Sie die Nummer für Ihre gewünschte Sprache ein."
    },
    "es": {
        "welcome": "Bienvenido al Buscador de Posibilidades Matemáticas",
        "created_by": "Creado por Hasanur Rahevy",
        "exit": "Salir",
        "calculator_mode": "Modo calculadora (Advertencia: Este modo está en desarrollo y puede tener funcionalidades limitadas o errores). Escriba 'atrás' para volver al modo de búsqueda.",
        "return_search_mode": "Volviendo al modo de búsqueda.",
        "enter_target": "Ingrese el número objetivo o escriba 'ayuda' para mostrar más opciones: ",
        "search_mode_help": "Comandos disponibles:",
        "calculator_mode_help": "Funciones matemáticas adicionales disponibles en el modo calculadora:",
        "target_result": "Resultado: {user_input} = {result}",
        "invalid_input": "Entrada no válida. Por favor, ingrese un número o 'salir' para salir.",
        "invalid_digits": "El número de entrada no puede tener más de 100 dígitos.",
        "invalid_zero": "Lo siento, no se puede calcular para 0",
        "max_digits_empty": "El número máximo de dígitos no puede estar vacío.",
        "max_digits_value": "Lo siento, el número máximo de dígitos debe ser mayor que 1",
        "max_digits_limit": "El número máximo de dígitos no puede ser mayor de 100 dígitos del número.",
        "max_search_time_empty": "El tiempo máximo de búsqueda no puede estar vacío.",
        "invalid_number": "Entrada no válida. Por favor, ingrese un número válido.",
        "calculating_for_target": "Calculando para el número objetivo: {target}...",
        "already_known": "Ya conocido: {expression} = {result}",
        "valid_expression": "Válido: {expression} = {result}",
        "not_valid_expression": "No válido: {expression} = {result}",
        "file_already_exists": "El archivo 'valid_calculations_{target}.txt' en el directorio '{file_path}' ya existe. Se está renombrando a '{new_file_name}'.",
        "file_saved": "Los cálculos válidos se han guardado en '{file_path}'",
        "system_info": "\nInformación del sistema:",
        "resource_usage": "\nUso de recursos:",
        "interrupted_process": "Advertencia: Proceso incompleto. Cálculo interrumpido por el usuario.",
        "thank_you": "¡Gracias por usar el Buscador de Posibilidades Matemáticas!",
        "language_prompt": "Elija su idioma (Choose language):\n1. English\n2. Français\n3. Español\n4. Deutsch\n5. Italiano\n6. العربية\n7. 中文\n8. Русский",
        "language_selected": "Idioma seleccionado: {language}",
        "invalid_language_choice": "Selección de idioma no válida. Por favor, ingrese el número correspondiente a su idioma deseado."
    },
    "ar": {
        "welcome": "مرحبًا بك في برنامج البحث عن إمكانيات الرياضيات",
        "created_by": "تم إنشاءه بواسطة حسنور راهيفي",
        "exit": "خروج",
        "calculator_mode": "وضع الآلة الحاسبة (تحذير: هذا الوضع قيد التطوير وقد يحتوي على وظائف محدودة أو أخطاء). اكتب 'عودة' للعودة إلى وضع البحث.",
        "return_search_mode": "العودة إلى وضع البحث.",
        "enter_target": "أدخل العدد المستهدف أو اكتب 'مساعدة' لعرض المزيد من الخيارات: ",
        "search_mode_help": "الأوامر المتاحة:",
        "calculator_mode_help": "الوظائف الرياضية الإضافية المتاحة في وضع الآلة الحاسبة:",
        "target_result": "النتيجة: {user_input} = {result}",
        "invalid_input": "إدخال غير صالح. يرجى إدخال عدد أو 'خروج' للخروج.",
        "invalid_digits": "العدد المدخل لا يمكن أن يحتوي على أكثر من 100 رقم.",
        "invalid_zero": "عذرًا، لا يمكن حساب النتيجة عندما العدد يساوي 0",
        "max_digits_empty": "الحد الأقصى لعدد الأرقام لا يمكن أن يكون فارغًا.",
        "max_digits_value": "عذرًا، الحد الأقصى لعدد الأرقام يجب أن يكون أكبر من 1",
        "max_digits_limit": "الحد الأقصى لعدد الأرقام لا يمكن أن يزيد عن 100 رقم من العدد.",
        "max_search_time_empty": "الحد الأقصى لوقت البحث لا يمكن أن يكون فارغًا.",
        "invalid_number": "إدخال غير صالح. يرجى إدخال عدد صالح.",
        "calculating_for_target": "جاري الحساب للعدد المستهدف: {target}...",
        "already_known": "معروف بالفعل: {expression} = {result}",
        "valid_expression": "صحيح: {expression} = {result}",
        "not_valid_expression": "غير صالح: {expression} = {result}",
        "file_already_exists": "الملف 'valid_calculations_{target}.txt' في الدليل '{file_path}' موجود بالفعل. يتم إعادة تسميته إلى '{new_file_name}'.",
        "file_saved": "تم حفظ الحسابات الصالحة في '{file_path}'",
        "system_info": "\nمعلومات النظام:",
        "resource_usage": "\nاستخدام الموارد:",
        "interrupted_process": "تحذير: عملية غير مكتملة. تم إيقاف الحساب بواسطة المستخدم.",
        "thank_you": "شكرًا لك على استخدام برنامج البحث عن إمكانيات الرياضيات!",
        "language_prompt": "اختر لغتك (Choose your language):\n1. English\n2. Français\n3. Español\n4. Deutsch\n5. Italiano\n6. العربية\n7. 中文\n8. Русский",
        "language_selected": "اللغة المختارة: {language}",
        "invalid_language_choice": "اختيار اللغة غير صالح. الرجاء إدخال رقم اللغة المطلوبة."
    },
  "fr": {
        "welcome": "Bienvenue dans le Math Possibility Finder",
        "created_by": "Créé par Hasanur Rahevy",
        "exit": "Quitter",
        "calculator_mode": "Mode calculatrice (Avertissement : ce mode est en cours de développement et peut comporter des fonctionnalités limitées ou des bogues). Entrez 'retour' pour revenir au mode de recherche.",
        "return_search_mode": "Retour au mode de recherche.",
        "enter_target": "Saisissez le nombre cible ou tapez 'aide' pour afficher plus d'options : ",
        "search_mode_help": "Commandes disponibles :",
        "calculator_mode_help": "Fonctions mathématiques supplémentaires disponibles en mode calculatrice :",
        "target_result": "Résultat : {user_input} = {result}",
        "invalid_input": "Saisie non valide. Veuillez entrer un nombre ou 'quitter' pour sortir.",
        "invalid_digits": "Le nombre saisi ne peut pas comporter plus de 100 chiffres.",
        "invalid_zero": "Désolé, impossible de calculer pour 0",
        "max_digits_empty": "Le nombre maximum de chiffres ne peut pas être vide.",
        "max_digits_value": "Désolé, le nombre maximum de chiffres doit être supérieur à 1",
        "max_digits_limit": "Le nombre maximum de chiffres ne peut pas dépasser 100 chiffres du nombre.",
        "max_search_time_empty": "Le temps de recherche maximum ne peut pas être vide.",
        "invalid_number": "Saisie non valide. Veuillez entrer un nombre valide.",
        "calculating_for_target": "Calcul en cours pour le nombre cible : {target}...",
        "already_known": "Déjà connu : {expression} = {result}",
        "valid_expression": "Valide : {expression} = {result}",
        "not_valid_expression": "Non valide : {expression} = {result}",
        "file_already_exists": "Le fichier 'valid_calculations_{target}.txt' dans le répertoire '{file_path}' existe déjà. Il est renommé en '{new_file_name}'.",
        "file_saved": "Les calculs valides ont été enregistrés dans '{file_path}'",
        "system_info": "\nInformations système :",
        "resource_usage": "\nUtilisation des ressources :",
        "interrupted_process": "Avertissement : Processus incomplet. Calcul interrompu par l'utilisateur.",
        "thank_you": "Merci d'utiliser le Math Possibility Finder !",
        "language_prompt": "Choisissez votre langue (Choose your language) :\n1. English\n2. Français\n3. Español\n4. Deutsch\n5. Italiano\n6. العربية\n7. 中文\n8. Русский",
        "language_selected": "Langue sélectionnée : {language}",
        "invalid_language_choice": "Choix de langue non valide. Veuillez entrer le numéro correspondant à la langue souhaitée."
    },
  "pt-br": {
        "welcome": "Bem-vindo ao Math Possibility Finder",
        "created_by": "Criado por Hasanur Rahevy",
        "exit": "Sair",
        "calculator_mode": "Modo calculadora (Aviso: Este modo está em desenvolvimento e pode ter funcionalidades limitadas ou bugs). Digite 'voltar' para retornar ao modo de pesquisa.",
        "return_search_mode": "Retornando ao modo de pesquisa.",
        "enter_target": "Digite o número alvo ou digite 'ajuda' para mostrar mais opções: ",
        "search_mode_help": "Comandos disponíveis:",
        "calculator_mode_help": "Funções matemáticas adicionais disponíveis no modo calculadora:",
        "target_result": "Resultado: {user_input} = {result}",
        "invalid_input": "Entrada inválida. Por favor, insira um número ou 'sair' para sair.",
        "invalid_digits": "O número inserido não pode ter mais de 100 dígitos.",
        "invalid_zero": "Desculpe, não é possível calcular para 0",
        "max_digits_empty": "O número máximo de dígitos não pode ficar em branco.",
        "max_digits_value": "Desculpe, o número máximo de dígitos deve ser maior que 1",
        "max_digits_limit": "O número máximo de dígitos não pode ser superior a 100 dígitos do número.",
        "max_search_time_empty": "O tempo máximo de pesquisa não pode ficar em branco.",
        "invalid_number": "Entrada inválida. Por favor, insira um número válido.",
        "calculating_for_target": "Calculando para o número alvo: {target}...",
        "already_known": "Já conhecido: {expression} = {result}",
        "valid_expression": "Válido: {expression} = {result}",
        "not_valid_expression": "Não válido: {expression} = {result}",
        "file_already_exists": "O arquivo 'valid_calculations_{target}.txt' no diretório '{file_path}' já existe. Ele está sendo renomeado para '{new_file_name}'.",
        "file_saved": "Cálculos válidos foram salvos em '{file_path}'",
        "system_info": "\nInformações do sistema:",
        "resource_usage": "\nUso de recursos:",
        "interrupted_process": "Aviso: Processo incompleto. Cálculo interrompido pelo usuário.",
        "thank_you": "Obrigado por usar o Math Possibility Finder!",
        "language_prompt": "Escolha seu idioma (Choose your language):\n1. English\n2. Français\n3. Español\n4. Deutsch\n5. Italiano\n6. العربية\n7. 中文\n8. Русский\n9. Português (Brasil)",
        "language_selected": "Idioma selecionado: {language}",
        "invalid_language_choice": "Escolha de idioma inválida. Por favor, insira o número correspondente ao idioma desejado."
    },
  "hi": {
    "welcome": "मैथ पॉसिबिलिटी फ़ाइंडर में आपका स्वागत है",
    "created_by": "हसनूर रहेवी द्वारा बनाया गया",
    "exit": "निकास",
    "calculator_mode": "कैलकुलेटर मोड (चेतावनी: यह मोड विकास में है और सीमित कार्यक्षमता या बग्स हो सकते हैं)। 'वापस' टाइप करके खोज मोड में वापस जाने के लिए।",
    "return_search_mode": "खोज मोड में वापस आना।",
    "enter_target": "लक्ष्य नंबर दर्ज करें या अधिक विकल्पों को दिखाने के लिए 'मदद' टाइप करें: ",
    "search_mode_help": "उपलब्ध कमांड्स:",
    "calculator_mode_help": "कैलकुलेटर मोड में उपलब्ध अतिरिक्त गणित फ़ंक्शन:",
    "target_result": "परिणाम: {user_input} = {result}",
    "invalid_input": "अमान्य इनपुट। कृपया एक नंबर या 'निकास' दर्ज करें।",
    "invalid_digits": "दर्ज किया गया नंबर 100 से अधिक अंकों का नहीं हो सकता।",
    "invalid_zero": "क्षमा करें, 0 के लिए कैलकुलेट नहीं किया जा सकता",
    "max_digits_empty": "अधिकतम अंकों की संख्या खाली नहीं हो सकती।",
    "max_digits_value": "क्षमा करें, अधिकतम अंकों की संख्या 1 से अधिक होनी चाहिए",
    "max_digits_limit": "अधिकतम अंकों की संख्या नंबर के 100 अंकों से अधिक नहीं हो सकती।",
    "max_search_time_empty": "अधिकतम खोज समय खाली नहीं हो सकता।",
    "invalid_number": "अमान्य इनपुट। कृपया एक मान्य नंबर दर्ज करें।",
    "calculating_for_target": "लक्ष्य नंबर के लिए गणना हो रही है: {target}...",
    "already_known": "पहले से पता है: {expression} = {result}",
    "valid_expression": "मान्य: {expression} = {result}",
    "not_valid_expression": "अमान्य: {expression} = {result}",
    "file_already_exists": "निर्देशिका '{file_path}' में फ़ाइल 'valid_calculations_{target}.txt' पहले से ही मौजूद है। यह '{new_file_name}' में नामकरण हो रही है।",
    "file_saved": "मान्य गणनाएँ '{file_path}' में सहेजी गई हैं",
    "system_info": "\nसिस्टम जानकारी:",
    "resource_usage": "\nसंसाधन उपयोग:",
    "interrupted_process": "चेतावनी: अधूरी प्रक्रिया। उपयोगकर्ता द्वारा गणना रोका गया है।",
    "thank_you": "मैथ पॉसिबिलिटी फ़ाइंडर का उपयोग करने के लिए धन्यवाद!",
    "language_prompt": "अपनी भाषा चुनें (Choose your language):\n1. English\n2. Français\n3. Español\n4. Deutsch\n5. Italiano\n6. العربية\n7. 中文\n8. Русский\n9. Português (Brasil)\n10. हिन्दी",
    "language_selected": "चुनी गई भाषा: {language}",
    "invalid_language_choice": "अमान्य भाषा चयन। कृपया आपकी इच्छित भाषा के लिए संबंधित संख्या दर्ज करें।"
},
  "zh": {
    "welcome": "欢迎使用数学可能性搜索器",
    "created_by": "由Hasanur Rahevy创建",
    "exit": "退出",
    "calculator_mode": "计算器模式（警告：此模式正在开发中，可能具有有限功能或错误）。输入'返回'返回搜索模式。",
    "return_search_mode": "返回搜索模式。",
    "enter_target": "输入目标数字或输入'帮助'以显示更多选项：",
    "search_mode_help": "可用命令：",
    "calculator_mode_help": "计算器模式中可用的其他数学函数：",
    "target_result": "结果：{user_input} = {result}",
    "invalid_input": "无效输入。请输入一个数字或'退出'以退出。",
    "invalid_digits": "输入的数字不能超过100位。",
    "invalid_zero": "抱歉，无法计算0",
    "max_digits_empty": "最大位数不能为空。",
    "max_digits_value": "抱歉，最大位数必须大于1",
    "max_digits_limit": "最大位数不能超过数字的100位。",
    "max_search_time_empty": "最大搜索时间不能为空。",
    "invalid_number": "无效输入。请输入有效的数字。",
    "calculating_for_target": "正在计算目标数字：{target}...",
    "already_known": "已知：{expression} = {result}",
    "valid_expression": "有效：{expression} = {result}",
    "not_valid_expression": "无效：{expression} = {result}",
    "file_already_exists": "目录'{file_path}'中的文件'valid_calculations_{target}.txt'已存在。正在重命名为'{new_file_name}'。",
    "file_saved": "有效计算已保存至'{file_path}'",
    "system_info": "\n系统信息：",
    "resource_usage": "\n资源使用情况：",
    "interrupted_process": "警告：不完整的进程。计算已被用户中断。",
    "thank_you": "感谢使用数学可能性搜索器！",
    "language_prompt": "选择您的语言（Choose your language）：\n1. English\n2. Français\n3. Español\n4. Deutsch\n5. Italiano\n6. العربية\n7. 中文\n8. Русский\n9. Português (Brasil)\n10. 汉语",
    "language_selected": "选择的语言：{language}",
    "invalid_language_choice": "无效的语言选择。请输入与您所需语言对应的数字。"
},
  "jw": {
    "welcome": "Sugeng rawuh ing Math Possibility Finder",
    "created_by": "Digawe déning Hasanur Rahevy",
    "exit": "Metu",
    "calculator_mode": "Modus kalkulator (Peringatan: Modus iki padha diembangkan lan bisa nduwe fitur sing terbatas utawa bug). Ketik 'balik' kanggo mlebu modus pitakon.",
    "return_search_mode": "Mlebu modus pitakon.",
    "enter_target": "Tulis nomer target utawa ketik 'pitulung' kanggo nuduhaké luwih adoh pilihan: ",
    "search_mode_help": "Perintah sing bisa dipakaké:",
    "calculator_mode_help": "Fungsi matematika tambahan sing bisa dipakaké ing modus kalkulator:",
    "target_result": "Hasil: {user_input} = {result}",
    "invalid_input": "Input ora sah. Tulis nomer utawa 'metu' kanggo metu.",
    "invalid_digits": "Nomer sing ditulis ora boleh luwih saka 100 angka.",
    "invalid_zero": "Nanggapi, ora bisa dihitung kanggo 0",
    "max_digits_empty": "Angka maksimal ora bisa kosong.",
    "max_digits_value": "Nanggapi, angka maksimal kudu luwih saka 1",
    "max_digits_limit": "Angka maksimal ora bisa luwih saka 100 angka saka nomer.",
    "max_search_time_empty": "Waktu pitulung maksimal ora bisa kosong.",
    "invalid_number": "Input ora sah. Tulis nomer sing sah.",
    "calculating_for_target": "Ngitung kanggo nomer target: {target}...",
    "already_known": "Udah dipun weruh: {expression} = {result}",
    "valid_expression": "Sah: {expression} = {result}",
    "not_valid_expression": "Ora sah: {expression} = {result}",
    "file_already_exists": "File 'valid_calculations_{target}.txt' ing folder '{file_path}' wis ana. Arep diganti jeneng dadi '{new_file_name}'.",
    "file_saved": "Perhitungan sing sah wis disimpen ing '{file_path}'",
    "system_info": "\nInfo sistem:",
    "resource_usage": "\nPanggunaan sumber:",
    "interrupted_process": "Peringatan: Proses ora rampung. Perhitungan diwetani déning panganggo.",
    "thank_you": "Matur nuwun wis nganggo Math Possibility Finder!",
    "language_prompt": "Pilih basamu (Choose your language):\n1. English\n2. Français\n3. Español\n4. Deutsch\n5. Italiano\n6. العربية\n7. 中文\n8. Русский\n9. Português (Brasil)\n10. Basa Jawa (Aksara)",
    "language_selected": "Basa sing dipilih: {language}",
    "invalid_language_choice": "Pilihan basa ora sah. Tulis nomer sing cocog karo basa sing pengin sampeyan pilih."
 },
  "ko": {
    "welcome": "수학 가능성 찾기에 오신 것을 환영합니다",
    "created_by": "Hasanur Rahevy가 제작",
    "exit": "나가기",
    "calculator_mode": "계산기 모드 (경고: 이 모드는 아직 개발 중이며 제한된 기능이나 버그가 있을 수 있습니다). 검색 모드로 돌아가려면 '뒤로'를 입력하십시오.",
    "return_search_mode": "검색 모드로 돌아갑니다.",
    "enter_target": "대상 숫자를 입력하거나 더 많은 옵션을 표시하려면 '도움말'을 입력하십시오: ",
    "search_mode_help": "사용 가능한 명령:",
    "calculator_mode_help": "계산기 모드에서 사용 가능한 추가 수학 기능:",
    "target_result": "결과: {user_input} = {result}",
    "invalid_input": "유효하지 않은 입력입니다. 숫자를 입력하거나 종료하려면 '나가기'를 입력하십시오.",
    "invalid_digits": "입력 숫자는 100 자를 초과 할 수 없습니다.",
    "invalid_zero": "죄송합니다. 0으로 계산할 수 없습니다.",
    "max_digits_empty": "최대 숫자 자릿수는 비워 둘 수 없습니다.",
    "max_digits_value": "죄송합니다. 최대 숫자 자릿수는 1보다 커야합니다.",
    "max_digits_limit": "최대 숫자 자릿수는 숫자의 100 자릿수를 초과 할 수 없습니다.",
    "max_search_time_empty": "최대 검색 시간은 비워 둘 수 없습니다.",
    "invalid_number": "유효하지 않은 입력입니다. 유효한 숫자를 입력하십시오.",
    "calculating_for_target": "대상 숫자를 위한 계산 중: {target}...",
    "already_known": "이미 알려진 내용: {expression} = {result}",
    "valid_expression": "유효함: {expression} = {result}",
    "not_valid_expression": "유효하지 않음: {expression} = {result}",
    "file_already_exists": "디렉터리 '{file_path}'에 'valid_calculations_{target}.txt' 파일이 이미 있습니다. '{new_file_name}'(으)로 이름 바꾸는 중입니다.",
    "file_saved": "유효한 계산이 '{file_path}'에 저장되었습니다.",
    "system_info": "\n시스템 정보:",
    "resource_usage": "\n자원 사용량:",
    "interrupted_process": "경고: 완료되지 않은 프로세스. 사용자에 의해 계산이 중단되었습니다.",
    "thank_you": "수학 가능성 찾기를 사용해 주셔서 감사합니다!",
    "language_prompt": "언어 선택 (Choose your language):\n1. English\n2. Français\n3. Español\n4. Deutsch\n5. Italiano\n6. العربية\n7. 中文\n8. Русский\n9. Português (Brasil)\n10. Bahasa Melayu\n11. 한국어",
    "language_selected": "선택한 언어: {language}",
    "invalid_language_choice": "유효하지 않은 언어 선택. 원하는 언어에 해당하는 번호를 입력하십시오."
  }
}

